Observation id,Observation date,Description,Observation duration,Observation type,Source,Time offset (s),Media duration (s),FPS,Subject,Behavior,Behavioral category,Behavior type,Time,Media file name,Image index,Image file path,Comment
P1,2024-11-01 17:24:38.883,,2317.170999999999978172127157,Media file(s),player #1:C:/Users/eleon/Videos/Captures/frontend - Google Chrome 2024-10-28 10-02-39.mp4,0.0,2740.549,60.000,,Mouse_on_Navigation_Area,,START,421.253,C:/Users/eleon/Videos/Captures/frontend - Google Chrome 2024-10-28 10-02-39.mp4,3910,NA,
P1,2024-11-01 17:24:38.883,,2317.170999999999978172127157,Media file(s),player #1:C:/Users/eleon/Videos/Captures/frontend - Google Chrome 2024-10-28 10-02-39.mp4,0.0,2740.549,60.000,,Mouse_on_Navigation_Area,,STOP,440.029,C:/Users/eleon/Videos/Captures/frontend - Google Chrome 2024-10-28 10-02-39.mp4,4084,NA,
P1,2024-11-01 17:24:38.883,,2317.170999999999978172127157,Media file(s),player #1:C:/Users/eleon/Videos/Captures/frontend - Google Chrome 2024-10-28 10-02-39.mp4,0.0,2740.549,60.000,,Mouse_on_Linechart_Area,,START,440.763,C:/Users/eleon/Videos/Captures/frontend - Google Chrome 2024-10-28 10-02-39.mp4,4091,NA,
P1,2024-11-01 17:24:38.883,,2317.170999999999978172127157,Media file(s),player #1:C:/Users/eleon/Videos/Captures/frontend - Google Chrome 2024-10-28 10-02-39.mp4,0.0,2740.549,60.000,,Mouse_on_Linechart_Area,,STOP,468.804,C:/Users/eleon/Videos/Captures/frontend - Google Chrome 2024-10-28 10-02-39.mp4,4351,NA,
P1,2024-11-01 17:24:38.883,,2317.170999999999978172127157,Media file(s),player #1:C:/Users/eleon/Videos/Captures/frontend - Google Chrome 2024-10-28 10-02-39.mp4,0.0,2740.549,60.000,,Mouse_on_Navigation_Area,,START,487.031,C:/Users/eleon/Videos/Captures/frontend - Google Chrome 2024-10-28 10-02-39.mp4,4521,NA,
P1,2024-11-01 17:24:38.883,,2317.170999999999978172127157,Media file(s),player #1:C:/Users/eleon/Videos/Captures/frontend - Google Chrome 2024-10-28 10-02-39.mp4,0.0,2740.549,60.000,,Mouse_on_Navigation_Area,,STOP,509.852,C:/Users/eleon/Videos/Captures/frontend - Google Chrome 2024-10-28 10-02-39.mp4,4732,NA,
P1,2024-11-01 17:24:38.883,,2317.170999999999978172127157,Media file(s),player #1:C:/Users/eleon/Videos/Captures/frontend - Google Chrome 2024-10-28 10-02-39.mp4,0.0,2740.549,60.000,,Mouse_on_Navigation_Area,,START,541.913,C:/Users/eleon/Videos/Captures/frontend - Google Chrome 2024-10-28 10-02-39.mp4,5030,NA,
P1,2024-11-01 17:24:38.883,,2317.170999999999978172127157,Media file(s),player #1:C:/Users/eleon/Videos/Captures/frontend - Google Chrome 2024-10-28 10-02-39.mp4,0.0,2740.549,60.000,,Mouse_on_Navigation_Area,,STOP,546.245,C:/Users/eleon/Videos/Captures/frontend - Google Chrome 2024-10-28 10-02-39.mp4,5070,NA,
P1,2024-11-01 17:24:38.883,,2317.170999999999978172127157,Media file(s),player #1:C:/Users/eleon/Videos/Captures/frontend - Google Chrome 2024-10-28 10-02-39.mp4,0.0,2740.549,60.000,,Mouse_on_Events_Panel,,START,598.078,C:/Users/eleon/Videos/Captures/frontend - Google Chrome 2024-10-28 10-02-39.mp4,5551,NA,
P1,2024-11-01 17:24:38.883,,2317.170999999999978172127157,Media file(s),player #1:C:/Users/eleon/Videos/Captures/frontend - Google Chrome 2024-10-28 10-02-39.mp4,0.0,2740.549,60.000,,Mouse_on_Events_Panel,,STOP,651.510,C:/Users/eleon/Videos/Captures/frontend - Google Chrome 2024-10-28 10-02-39.mp4,6047,NA,
P1,2024-11-01 17:24:38.883,,2317.170999999999978172127157,Media file(s),player #1:C:/Users/eleon/Videos/Captures/frontend - Google Chrome 2024-10-28 10-02-39.mp4,0.0,2740.549,60.000,,Mouse_on_Linechart_Area,,START,651.810,C:/Users/eleon/Videos/Captures/frontend - Google Chrome 2024-10-28 10-02-39.mp4,6050,NA,
P1,2024-11-01 17:24:38.883,,2317.170999999999978172127157,Media file(s),player #1:C:/Users/eleon/Videos/Captures/frontend - Google Chrome 2024-10-28 10-02-39.mp4,0.0,2740.549,60.000,,Mouse_on_Linechart_Area,,STOP,654.900,C:/Users/eleon/Videos/Captures/frontend - Google Chrome 2024-10-28 10-02-39.mp4,6079,NA,
P1,2024-11-01 17:24:38.883,,2317.170999999999978172127157,Media file(s),player #1:C:/Users/eleon/Videos/Captures/frontend - Google Chrome 2024-10-28 10-02-39.mp4,0.0,2740.549,60.000,,Mouse_on_Events_Panel,,START,654.943,C:/Users/eleon/Videos/Captures/frontend - Google Chrome 2024-10-28 10-02-39.mp4,6079,NA,
P1,2024-11-01 17:24:38.883,,2317.170999999999978172127157,Media file(s),player #1:C:/Users/eleon/Videos/Captures/frontend - Google Chrome 2024-10-28 10-02-39.mp4,0.0,2740.549,60.000,,Mouse_on_Events_Panel,,STOP,684.483,C:/Users/eleon/Videos/Captures/frontend - Google Chrome 2024-10-28 10-02-39.mp4,6353,NA,
P1,2024-11-01 17:24:38.883,,2317.170999999999978172127157,Media file(s),player #1:C:/Users/eleon/Videos/Captures/frontend - Google Chrome 2024-10-28 10-02-39.mp4,0.0,2740.549,60.000,,Mouse_on_Linechart_Area,,START,694.663,C:/Users/eleon/Videos/Captures/frontend - Google Chrome 2024-10-28 10-02-39.mp4,6448,NA,
P1,2024-11-01 17:24:38.883,,2317.170999999999978172127157,Media file(s),player #1:C:/Users/eleon/Videos/Captures/frontend - Google Chrome 2024-10-28 10-02-39.mp4,0.0,2740.549,60.000,,Mouse_on_Linechart_Area,,STOP,701.127,C:/Users/eleon/Videos/Captures/frontend - Google Chrome 2024-10-28 10-02-39.mp4,6508,NA,
P1,2024-11-01 17:24:38.883,,2317.170999999999978172127157,Media file(s),player #1:C:/Users/eleon/Videos/Captures/frontend - Google Chrome 2024-10-28 10-02-39.mp4,0.0,2740.549,60.000,,Mouse_on_Events_Panel,,START,701.211,C:/Users/eleon/Videos/Captures/frontend - Google Chrome 2024-10-28 10-02-39.mp4,6509,NA,
P1,2024-11-01 17:24:38.883,,2317.170999999999978172127157,Media file(s),player #1:C:/Users/eleon/Videos/Captures/frontend - Google Chrome 2024-10-28 10-02-39.mp4,0.0,2740.549,60.000,,Mouse_on_Events_Panel,,STOP,775.553,C:/Users/eleon/Videos/Captures/frontend - Google Chrome 2024-10-28 10-02-39.mp4,7199,NA,
P1,2024-11-01 17:24:38.883,,2317.170999999999978172127157,Media file(s),player #1:C:/Users/eleon/Videos/Captures/frontend - Google Chrome 2024-10-28 10-02-39.mp4,0.0,2740.549,60.000,,Mouse_on_Linechart_Area,,START,775.786,C:/Users/eleon/Videos/Captures/frontend - Google Chrome 2024-10-28 10-02-39.mp4,7201,NA,
P1,2024-11-01 17:24:38.883,,2317.170999999999978172127157,Media file(s),player #1:C:/Users/eleon/Videos/Captures/frontend - Google Chrome 2024-10-28 10-02-39.mp4,0.0,2740.549,60.000,,Mouse_on_Linechart_Area,,STOP,780.585,C:/Users/eleon/Videos/Captures/frontend - Google Chrome 2024-10-28 10-02-39.mp4,7245,NA,
P1,2024-11-01 17:24:38.883,,2317.170999999999978172127157,Media file(s),player #1:C:/Users/eleon/Videos/Captures/frontend - Google Chrome 2024-10-28 10-02-39.mp4,0.0,2740.549,60.000,,Mouse_on_Events_Panel,,START,783.717,C:/Users/eleon/Videos/Captures/frontend - Google Chrome 2024-10-28 10-02-39.mp4,7274,NA,
P1,2024-11-01 17:24:38.883,,2317.170999999999978172127157,Media file(s),player #1:C:/Users/eleon/Videos/Captures/frontend - Google Chrome 2024-10-28 10-02-39.mp4,0.0,2740.549,60.000,,Mouse_on_Events_Panel,,STOP,791.481,C:/Users/eleon/Videos/Captures/frontend - Google Chrome 2024-10-28 10-02-39.mp4,7347,NA,
P1,2024-11-01 17:24:38.883,,2317.170999999999978172127157,Media file(s),player #1:C:/Users/eleon/Videos/Captures/frontend - Google Chrome 2024-10-28 10-02-39.mp4,0.0,2740.549,60.000,,Mouse_on_Navigation_Area,,START,803.877,C:/Users/eleon/Videos/Captures/frontend - Google Chrome 2024-10-28 10-02-39.mp4,7462,NA,
P1,2024-11-01 17:24:38.883,,2317.170999999999978172127157,Media file(s),player #1:C:/Users/eleon/Videos/Captures/frontend - Google Chrome 2024-10-28 10-02-39.mp4,0.0,2740.549,60.000,,Mouse_on_Navigation_Area,,STOP,808.500,C:/Users/eleon/Videos/Captures/frontend - Google Chrome 2024-10-28 10-02-39.mp4,7505,NA,
P1,2024-11-01 17:24:38.883,,2317.170999999999978172127157,Media file(s),player #1:C:/Users/eleon/Videos/Captures/frontend - Google Chrome 2024-10-28 10-02-39.mp4,0.0,2740.549,60.000,,Mouse_on_Linechart_Area,,START,808.809,C:/Users/eleon/Videos/Captures/frontend - Google Chrome 2024-10-28 10-02-39.mp4,7507,NA,
P1,2024-11-01 17:24:38.883,,2317.170999999999978172127157,Media file(s),player #1:C:/Users/eleon/Videos/Captures/frontend - Google Chrome 2024-10-28 10-02-39.mp4,0.0,2740.549,60.000,,Mouse_on_Linechart_Area,,STOP,816.000,C:/Users/eleon/Videos/Captures/frontend - Google Chrome 2024-10-28 10-02-39.mp4,7574,NA,
P1,2024-11-01 17:24:38.883,,2317.170999999999978172127157,Media file(s),player #1:C:/Users/eleon/Videos/Captures/frontend - Google Chrome 2024-10-28 10-02-39.mp4,0.0,2740.549,60.000,,Mouse_on_Navigation_Area,,START,816.256,C:/Users/eleon/Videos/Captures/frontend - Google Chrome 2024-10-28 10-02-39.mp4,7577,NA,
P1,2024-11-01 17:24:38.883,,2317.170999999999978172127157,Media file(s),player #1:C:/Users/eleon/Videos/Captures/frontend - Google Chrome 2024-10-28 10-02-39.mp4,0.0,2740.549,60.000,,Mouse_on_Navigation_Area,,STOP,825.037,C:/Users/eleon/Videos/Captures/frontend - Google Chrome 2024-10-28 10-02-39.mp4,7658,NA,
P1,2024-11-01 17:24:38.883,,2317.170999999999978172127157,Media file(s),player #1:C:/Users/eleon/Videos/Captures/frontend - Google Chrome 2024-10-28 10-02-39.mp4,0.0,2740.549,60.000,,Mouse_on_Linechart_Area,,START,825.986,C:/Users/eleon/Videos/Captures/frontend - Google Chrome 2024-10-28 10-02-39.mp4,7667,NA,
P1,2024-11-01 17:24:38.883,,2317.170999999999978172127157,Media file(s),player #1:C:/Users/eleon/Videos/Captures/frontend - Google Chrome 2024-10-28 10-02-39.mp4,0.0,2740.549,60.000,,Mouse_on_Linechart_Area,,STOP,888.000,C:/Users/eleon/Videos/Captures/frontend - Google Chrome 2024-10-28 10-02-39.mp4,8242,NA,
P1,2024-11-01 17:24:38.883,,2317.170999999999978172127157,Media file(s),player #1:C:/Users/eleon/Videos/Captures/frontend - Google Chrome 2024-10-28 10-02-39.mp4,0.0,2740.549,60.000,,Mouse_on_Navigation_Area,,START,888.333,C:/Users/eleon/Videos/Captures/frontend - Google Chrome 2024-10-28 10-02-39.mp4,8246,NA,
P1,2024-11-01 17:24:38.883,,2317.170999999999978172127157,Media file(s),player #1:C:/Users/eleon/Videos/Captures/frontend - Google Chrome 2024-10-28 10-02-39.mp4,0.0,2740.549,60.000,,Mouse_on_Navigation_Area,,STOP,906.760,C:/Users/eleon/Videos/Captures/frontend - Google Chrome 2024-10-28 10-02-39.mp4,8417,NA,
P1,2024-11-01 17:24:38.883,,2317.170999999999978172127157,Media file(s),player #1:C:/Users/eleon/Videos/Captures/frontend - Google Chrome 2024-10-28 10-02-39.mp4,0.0,2740.549,60.000,,Mouse_on_Linechart_Area,,START,908.693,C:/Users/eleon/Videos/Captures/frontend - Google Chrome 2024-10-28 10-02-39.mp4,8435,NA,
P1,2024-11-01 17:24:38.883,,2317.170999999999978172127157,Media file(s),player #1:C:/Users/eleon/Videos/Captures/frontend - Google Chrome 2024-10-28 10-02-39.mp4,0.0,2740.549,60.000,,Mouse_on_Linechart_Area,,STOP,932.000,C:/Users/eleon/Videos/Captures/frontend - Google Chrome 2024-10-28 10-02-39.mp4,8651,NA,
P1,2024-11-01 17:24:38.883,,2317.170999999999978172127157,Media file(s),player #1:C:/Users/eleon/Videos/Captures/frontend - Google Chrome 2024-10-28 10-02-39.mp4,0.0,2740.549,60.000,,Mouse_on_Navigation_Area,,START,932.102,C:/Users/eleon/Videos/Captures/frontend - Google Chrome 2024-10-28 10-02-39.mp4,8652,NA,
P1,2024-11-01 17:24:38.883,,2317.170999999999978172127157,Media file(s),player #1:C:/Users/eleon/Videos/Captures/frontend - Google Chrome 2024-10-28 10-02-39.mp4,0.0,2740.549,60.000,,Mouse_on_Navigation_Area,,STOP,933.700,C:/Users/eleon/Videos/Captures/frontend - Google Chrome 2024-10-28 10-02-39.mp4,8667,NA,
P1,2024-11-01 17:24:38.883,,2317.170999999999978172127157,Media file(s),player #1:C:/Users/eleon/Videos/Captures/frontend - Google Chrome 2024-10-28 10-02-39.mp4,0.0,2740.549,60.000,,Mouse_on_Linechart_Area,,START,933.768,C:/Users/eleon/Videos/Captures/frontend - Google Chrome 2024-10-28 10-02-39.mp4,8667,NA,
P1,2024-11-01 17:24:38.883,,2317.170999999999978172127157,Media file(s),player #1:C:/Users/eleon/Videos/Captures/frontend - Google Chrome 2024-10-28 10-02-39.mp4,0.0,2740.549,60.000,,Mouse_on_Linechart_Area,,STOP,947.600,C:/Users/eleon/Videos/Captures/frontend - Google Chrome 2024-10-28 10-02-39.mp4,8796,NA,
P1,2024-11-01 17:24:38.883,,2317.170999999999978172127157,Media file(s),player #1:C:/Users/eleon/Videos/Captures/frontend - Google Chrome 2024-10-28 10-02-39.mp4,0.0,2740.549,60.000,,Mouse_on_Navigation_Area,,START,947.696,C:/Users/eleon/Videos/Captures/frontend - Google Chrome 2024-10-28 10-02-39.mp4,8797,NA,
P1,2024-11-01 17:24:38.883,,2317.170999999999978172127157,Media file(s),player #1:C:/Users/eleon/Videos/Captures/frontend - Google Chrome 2024-10-28 10-02-39.mp4,0.0,2740.549,60.000,,Mouse_on_Navigation_Area,,STOP,949.800,C:/Users/eleon/Videos/Captures/frontend - Google Chrome 2024-10-28 10-02-39.mp4,8816,NA,
P1,2024-11-01 17:24:38.883,,2317.170999999999978172127157,Media file(s),player #1:C:/Users/eleon/Videos/Captures/frontend - Google Chrome 2024-10-28 10-02-39.mp4,0.0,2740.549,60.000,,Mouse_on_Linechart_Area,,START,949.979,C:/Users/eleon/Videos/Captures/frontend - Google Chrome 2024-10-28 10-02-39.mp4,8818,NA,
P1,2024-11-01 17:24:38.883,,2317.170999999999978172127157,Media file(s),player #1:C:/Users/eleon/Videos/Captures/frontend - Google Chrome 2024-10-28 10-02-39.mp4,0.0,2740.549,60.000,,Mouse_on_Linechart_Area,,STOP,971.000,C:/Users/eleon/Videos/Captures/frontend - Google Chrome 2024-10-28 10-02-39.mp4,9013,NA,
P1,2024-11-01 17:24:38.883,,2317.170999999999978172127157,Media file(s),player #1:C:/Users/eleon/Videos/Captures/frontend - Google Chrome 2024-10-28 10-02-39.mp4,0.0,2740.549,60.000,,Mouse_on_Navigation_Area,,START,971.472,C:/Users/eleon/Videos/Captures/frontend - Google Chrome 2024-10-28 10-02-39.mp4,9017,NA,
P1,2024-11-01 17:24:38.883,,2317.170999999999978172127157,Media file(s),player #1:C:/Users/eleon/Videos/Captures/frontend - Google Chrome 2024-10-28 10-02-39.mp4,0.0,2740.549,60.000,,Mouse_on_Navigation_Area,,STOP,977.500,C:/Users/eleon/Videos/Captures/frontend - Google Chrome 2024-10-28 10-02-39.mp4,9073,NA,
P1,2024-11-01 17:24:38.883,,2317.170999999999978172127157,Media file(s),player #1:C:/Users/eleon/Videos/Captures/frontend - Google Chrome 2024-10-28 10-02-39.mp4,0.0,2740.549,60.000,,Mouse_on_Linechart_Area,,START,977.670,C:/Users/eleon/Videos/Captures/frontend - Google Chrome 2024-10-28 10-02-39.mp4,9075,NA,
P1,2024-11-01 17:24:38.883,,2317.170999999999978172127157,Media file(s),player #1:C:/Users/eleon/Videos/Captures/frontend - Google Chrome 2024-10-28 10-02-39.mp4,0.0,2740.549,60.000,,Mouse_on_Navigation_Area,,START,984.784,C:/Users/eleon/Videos/Captures/frontend - Google Chrome 2024-10-28 10-02-39.mp4,9141,NA,
P1,2024-11-01 17:24:38.883,,2317.170999999999978172127157,Media file(s),player #1:C:/Users/eleon/Videos/Captures/frontend - Google Chrome 2024-10-28 10-02-39.mp4,0.0,2740.549,60.000,,Mouse_on_Linechart_Area,,STOP,985.067,C:/Users/eleon/Videos/Captures/frontend - Google Chrome 2024-10-28 10-02-39.mp4,9143,NA,
P1,2024-11-01 17:24:38.883,,2317.170999999999978172127157,Media file(s),player #1:C:/Users/eleon/Videos/Captures/frontend - Google Chrome 2024-10-28 10-02-39.mp4,0.0,2740.549,60.000,,Mouse_on_Navigation_Area,,STOP,993.731,C:/Users/eleon/Videos/Captures/frontend - Google Chrome 2024-10-28 10-02-39.mp4,9224,NA,
P1,2024-11-01 17:24:38.883,,2317.170999999999978172127157,Media file(s),player #1:C:/Users/eleon/Videos/Captures/frontend - Google Chrome 2024-10-28 10-02-39.mp4,0.0,2740.549,60.000,,Mouse_on_Linechart_Area,,START,998.713,C:/Users/eleon/Videos/Captures/frontend - Google Chrome 2024-10-28 10-02-39.mp4,9270,NA,
P1,2024-11-01 17:24:38.883,,2317.170999999999978172127157,Media file(s),player #1:C:/Users/eleon/Videos/Captures/frontend - Google Chrome 2024-10-28 10-02-39.mp4,0.0,2740.549,60.000,,Mouse_on_Linechart_Area,,STOP,1040.000,C:/Users/eleon/Videos/Captures/frontend - Google Chrome 2024-10-28 10-02-39.mp4,9653,NA,
P1,2024-11-01 17:24:38.883,,2317.170999999999978172127157,Media file(s),player #1:C:/Users/eleon/Videos/Captures/frontend - Google Chrome 2024-10-28 10-02-39.mp4,0.0,2740.549,60.000,,Mouse_on_Navigation_Area,,START,1040.266,C:/Users/eleon/Videos/Captures/frontend - Google Chrome 2024-10-28 10-02-39.mp4,9656,NA,
P1,2024-11-01 17:24:38.883,,2317.170999999999978172127157,Media file(s),player #1:C:/Users/eleon/Videos/Captures/frontend - Google Chrome 2024-10-28 10-02-39.mp4,0.0,2740.549,60.000,,Mouse_on_Navigation_Area,,STOP,1080.303,C:/Users/eleon/Videos/Captures/frontend - Google Chrome 2024-10-28 10-02-39.mp4,10027,NA,
P1,2024-11-01 17:24:38.883,,2317.170999999999978172127157,Media file(s),player #1:C:/Users/eleon/Videos/Captures/frontend - Google Chrome 2024-10-28 10-02-39.mp4,0.0,2740.549,60.000,,Mouse_on_Linechart_Area,,START,1080.453,C:/Users/eleon/Videos/Captures/frontend - Google Chrome 2024-10-28 10-02-39.mp4,10029,NA,
P1,2024-11-01 17:24:38.883,,2317.170999999999978172127157,Media file(s),player #1:C:/Users/eleon/Videos/Captures/frontend - Google Chrome 2024-10-28 10-02-39.mp4,0.0,2740.549,60.000,,Mouse_on_Linechart_Area,,STOP,1082.935,C:/Users/eleon/Videos/Captures/frontend - Google Chrome 2024-10-28 10-02-39.mp4,10052,NA,
P1,2024-11-01 17:24:38.883,,2317.170999999999978172127157,Media file(s),player #1:C:/Users/eleon/Videos/Captures/frontend - Google Chrome 2024-10-28 10-02-39.mp4,0.0,2740.549,60.000,,Mouse_on_Navigation_Area,,START,1083.019,C:/Users/eleon/Videos/Captures/frontend - Google Chrome 2024-10-28 10-02-39.mp4,10053,NA,
P1,2024-11-01 17:24:38.883,,2317.170999999999978172127157,Media file(s),player #1:C:/Users/eleon/Videos/Captures/frontend - Google Chrome 2024-10-28 10-02-39.mp4,0.0,2740.549,60.000,,Mouse_on_Navigation_Area,,STOP,1198.997,C:/Users/eleon/Videos/Captures/frontend - Google Chrome 2024-10-28 10-02-39.mp4,11129,NA,
P1,2024-11-01 17:24:38.883,,2317.170999999999978172127157,Media file(s),player #1:C:/Users/eleon/Videos/Captures/frontend - Google Chrome 2024-10-28 10-02-39.mp4,0.0,2740.549,60.000,,Mouse_on_Linechart_Area,,START,1202.130,C:/Users/eleon/Videos/Captures/frontend - Google Chrome 2024-10-28 10-02-39.mp4,11158,NA,
P1,2024-11-01 17:24:38.883,,2317.170999999999978172127157,Media file(s),player #1:C:/Users/eleon/Videos/Captures/frontend - Google Chrome 2024-10-28 10-02-39.mp4,0.0,2740.549,60.000,,Mouse_on_Linechart_Area,,STOP,1371.241,C:/Users/eleon/Videos/Captures/frontend - Google Chrome 2024-10-28 10-02-39.mp4,12728,NA,
P1,2024-11-01 17:24:38.883,,2317.170999999999978172127157,Media file(s),player #1:C:/Users/eleon/Videos/Captures/frontend - Google Chrome 2024-10-28 10-02-39.mp4,0.0,2740.549,60.000,,Mouse_on_Linechart_Area,,START,1373.823,C:/Users/eleon/Videos/Captures/frontend - Google Chrome 2024-10-28 10-02-39.mp4,12752,NA,
P1,2024-11-01 17:24:38.883,,2317.170999999999978172127157,Media file(s),player #1:C:/Users/eleon/Videos/Captures/frontend - Google Chrome 2024-10-28 10-02-39.mp4,0.0,2740.549,60.000,,Mouse_on_Linechart_Area,,STOP,1438.518,C:/Users/eleon/Videos/Captures/frontend - Google Chrome 2024-10-28 10-02-39.mp4,13352,NA,
P1,2024-11-01 17:24:38.883,,2317.170999999999978172127157,Media file(s),player #1:C:/Users/eleon/Videos/Captures/frontend - Google Chrome 2024-10-28 10-02-39.mp4,0.0,2740.549,60.000,,Mouse_on_Navigation_Area,,START,1441.651,C:/Users/eleon/Videos/Captures/frontend - Google Chrome 2024-10-28 10-02-39.mp4,13381,NA,
P1,2024-11-01 17:24:38.883,,2317.170999999999978172127157,Media file(s),player #1:C:/Users/eleon/Videos/Captures/frontend - Google Chrome 2024-10-28 10-02-39.mp4,0.0,2740.549,60.000,,Mouse_on_Navigation_Area,,STOP,1814.078,C:/Users/eleon/Videos/Captures/frontend - Google Chrome 2024-10-28 10-02-39.mp4,16838,NA,
P1,2024-11-01 17:24:38.883,,2317.170999999999978172127157,Media file(s),player #1:C:/Users/eleon/Videos/Captures/frontend - Google Chrome 2024-10-28 10-02-39.mp4,0.0,2740.549,60.000,,Mouse_on_Linechart_Area,,START,1816.178,C:/Users/eleon/Videos/Captures/frontend - Google Chrome 2024-10-28 10-02-39.mp4,16858,NA,
P1,2024-11-01 17:24:38.883,,2317.170999999999978172127157,Media file(s),player #1:C:/Users/eleon/Videos/Captures/frontend - Google Chrome 2024-10-28 10-02-39.mp4,0.0,2740.549,60.000,,Mouse_on_Linechart_Area,,STOP,1823.508,C:/Users/eleon/Videos/Captures/frontend - Google Chrome 2024-10-28 10-02-39.mp4,16926,NA,
P1,2024-11-01 17:24:38.883,,2317.170999999999978172127157,Media file(s),player #1:C:/Users/eleon/Videos/Captures/frontend - Google Chrome 2024-10-28 10-02-39.mp4,0.0,2740.549,60.000,,Mouse_on_Navigation_Area,,START,1834.022,C:/Users/eleon/Videos/Captures/frontend - Google Chrome 2024-10-28 10-02-39.mp4,17023,NA,
P1,2024-11-01 17:24:38.883,,2317.170999999999978172127157,Media file(s),player #1:C:/Users/eleon/Videos/Captures/frontend - Google Chrome 2024-10-28 10-02-39.mp4,0.0,2740.549,60.000,,Mouse_on_Navigation_Area,,STOP,2084.042,C:/Users/eleon/Videos/Captures/frontend - Google Chrome 2024-10-28 10-02-39.mp4,19344,NA,
P1,2024-11-01 17:24:38.883,,2317.170999999999978172127157,Media file(s),player #1:C:/Users/eleon/Videos/Captures/frontend - Google Chrome 2024-10-28 10-02-39.mp4,0.0,2740.549,60.000,,Mouse_on_Linechart_Area,,START,2230.042,C:/Users/eleon/Videos/Captures/frontend - Google Chrome 2024-10-28 10-02-39.mp4,20699,NA,
P1,2024-11-01 17:24:38.883,,2317.170999999999978172127157,Media file(s),player #1:C:/Users/eleon/Videos/Captures/frontend - Google Chrome 2024-10-28 10-02-39.mp4,0.0,2740.549,60.000,,Mouse_on_Linechart_Area,,STOP,2232.041,C:/Users/eleon/Videos/Captures/frontend - Google Chrome 2024-10-28 10-02-39.mp4,20718,NA,
P1,2024-11-01 17:24:38.883,,2317.170999999999978172127157,Media file(s),player #1:C:/Users/eleon/Videos/Captures/frontend - Google Chrome 2024-10-28 10-02-39.mp4,0.0,2740.549,60.000,,Mouse_on_Navigation_Area,,START,2248.919,C:/Users/eleon/Videos/Captures/frontend - Google Chrome 2024-10-28 10-02-39.mp4,20875,NA,
P1,2024-11-01 17:24:38.883,,2317.170999999999978172127157,Media file(s),player #1:C:/Users/eleon/Videos/Captures/frontend - Google Chrome 2024-10-28 10-02-39.mp4,0.0,2740.549,60.000,,Mouse_on_Navigation_Area,,STOP,2268.146,C:/Users/eleon/Videos/Captures/frontend - Google Chrome 2024-10-28 10-02-39.mp4,21053,NA,
P1,2024-11-01 17:24:38.883,,2317.170999999999978172127157,Media file(s),player #1:C:/Users/eleon/Videos/Captures/frontend - Google Chrome 2024-10-28 10-02-39.mp4,0.0,2740.549,60.000,,Mouse_on_Linechart_Area,,START,2288.822,C:/Users/eleon/Videos/Captures/frontend - Google Chrome 2024-10-28 10-02-39.mp4,21245,NA,
P1,2024-11-01 17:24:38.883,,2317.170999999999978172127157,Media file(s),player #1:C:/Users/eleon/Videos/Captures/frontend - Google Chrome 2024-10-28 10-02-39.mp4,0.0,2740.549,60.000,,Mouse_on_Events_Panel,,START,2359.082,C:/Users/eleon/Videos/Captures/frontend - Google Chrome 2024-10-28 10-02-39.mp4,21897,NA,
P1,2024-11-01 17:24:38.883,,2317.170999999999978172127157,Media file(s),player #1:C:/Users/eleon/Videos/Captures/frontend - Google Chrome 2024-10-28 10-02-39.mp4,0.0,2740.549,60.000,,Mouse_on_Linechart_Area,,STOP,2367.080,C:/Users/eleon/Videos/Captures/frontend - Google Chrome 2024-10-28 10-02-39.mp4,21971,NA,
P1,2024-11-01 17:24:38.883,,2317.170999999999978172127157,Media file(s),player #1:C:/Users/eleon/Videos/Captures/frontend - Google Chrome 2024-10-28 10-02-39.mp4,0.0,2740.549,60.000,,Mouse_on_Events_Panel,,STOP,2380.625,C:/Users/eleon/Videos/Captures/frontend - Google Chrome 2024-10-28 10-02-39.mp4,22097,NA,
P1,2024-11-01 17:24:38.883,,2317.170999999999978172127157,Media file(s),player #1:C:/Users/eleon/Videos/Captures/frontend - Google Chrome 2024-10-28 10-02-39.mp4,0.0,2740.549,60.000,,Mouse_on_Linechart_Area,,START,2380.625,C:/Users/eleon/Videos/Captures/frontend - Google Chrome 2024-10-28 10-02-39.mp4,22097,NA,
P1,2024-11-01 17:24:38.883,,2317.170999999999978172127157,Media file(s),player #1:C:/Users/eleon/Videos/Captures/frontend - Google Chrome 2024-10-28 10-02-39.mp4,0.0,2740.549,60.000,,Mouse_on_Linechart_Area,,STOP,2383.441,C:/Users/eleon/Videos/Captures/frontend - Google Chrome 2024-10-28 10-02-39.mp4,22123,NA,
P1,2024-11-01 17:24:38.883,,2317.170999999999978172127157,Media file(s),player #1:C:/Users/eleon/Videos/Captures/frontend - Google Chrome 2024-10-28 10-02-39.mp4,0.0,2740.549,60.000,,Mouse_on_Events_Panel,,START,2383.575,C:/Users/eleon/Videos/Captures/frontend - Google Chrome 2024-10-28 10-02-39.mp4,22124,NA,
P1,2024-11-01 17:24:38.883,,2317.170999999999978172127157,Media file(s),player #1:C:/Users/eleon/Videos/Captures/frontend - Google Chrome 2024-10-28 10-02-39.mp4,0.0,2740.549,60.000,,Mouse_on_Events_Panel,,STOP,2387.273,C:/Users/eleon/Videos/Captures/frontend - Google Chrome 2024-10-28 10-02-39.mp4,22159,NA,
P1,2024-11-01 17:24:38.883,,2317.170999999999978172127157,Media file(s),player #1:C:/Users/eleon/Videos/Captures/frontend - Google Chrome 2024-10-28 10-02-39.mp4,0.0,2740.549,60.000,,Mouse_on_Linechart_Area,,START,2387.340,C:/Users/eleon/Videos/Captures/frontend - Google Chrome 2024-10-28 10-02-39.mp4,22159,NA,
P1,2024-11-01 17:24:38.883,,2317.170999999999978172127157,Media file(s),player #1:C:/Users/eleon/Videos/Captures/frontend - Google Chrome 2024-10-28 10-02-39.mp4,0.0,2740.549,60.000,,Mouse_on_Linechart_Area,,STOP,2390.300,C:/Users/eleon/Videos/Captures/frontend - Google Chrome 2024-10-28 10-02-39.mp4,22187,NA,
P1,2024-11-01 17:24:38.883,,2317.170999999999978172127157,Media file(s),player #1:C:/Users/eleon/Videos/Captures/frontend - Google Chrome 2024-10-28 10-02-39.mp4,0.0,2740.549,60.000,,Mouse_on_Events_Panel,,START,2390.539,C:/Users/eleon/Videos/Captures/frontend - Google Chrome 2024-10-28 10-02-39.mp4,22189,NA,
P1,2024-11-01 17:24:38.883,,2317.170999999999978172127157,Media file(s),player #1:C:/Users/eleon/Videos/Captures/frontend - Google Chrome 2024-10-28 10-02-39.mp4,0.0,2740.549,60.000,,Mouse_on_Events_Panel,,STOP,2427.800,C:/Users/eleon/Videos/Captures/frontend - Google Chrome 2024-10-28 10-02-39.mp4,22536,NA,
P1,2024-11-01 17:24:38.883,,2317.170999999999978172127157,Media file(s),player #1:C:/Users/eleon/Videos/Captures/frontend - Google Chrome 2024-10-28 10-02-39.mp4,0.0,2740.549,60.000,,Mouse_on_Linechart_Area,,START,2427.993,C:/Users/eleon/Videos/Captures/frontend - Google Chrome 2024-10-28 10-02-39.mp4,22537,NA,
P1,2024-11-01 17:24:38.883,,2317.170999999999978172127157,Media file(s),player #1:C:/Users/eleon/Videos/Captures/frontend - Google Chrome 2024-10-28 10-02-39.mp4,0.0,2740.549,60.000,,Mouse_on_Linechart_Area,,STOP,2671.130,C:/Users/eleon/Videos/Captures/frontend - Google Chrome 2024-10-28 10-02-39.mp4,24793,NA,
P1,2024-11-01 17:24:38.883,,2317.170999999999978172127157,Media file(s),player #1:C:/Users/eleon/Videos/Captures/frontend - Google Chrome 2024-10-28 10-02-39.mp4,0.0,2740.549,60.000,,Mouse_on_Events_Panel,,START,2671.363,C:/Users/eleon/Videos/Captures/frontend - Google Chrome 2024-10-28 10-02-39.mp4,24796,NA,
P1,2024-11-01 17:24:38.883,,2317.170999999999978172127157,Media file(s),player #1:C:/Users/eleon/Videos/Captures/frontend - Google Chrome 2024-10-28 10-02-39.mp4,0.0,2740.549,60.000,,Mouse_on_Events_Panel,,STOP,2692.000,C:/Users/eleon/Videos/Captures/frontend - Google Chrome 2024-10-28 10-02-39.mp4,24987,NA,
P1,2024-11-01 17:24:38.883,,2317.170999999999978172127157,Media file(s),player #1:C:/Users/eleon/Videos/Captures/frontend - Google Chrome 2024-10-28 10-02-39.mp4,0.0,2740.549,60.000,,Mouse_on_Linechart_Area,,START,2692.073,C:/Users/eleon/Videos/Captures/frontend - Google Chrome 2024-10-28 10-02-39.mp4,24988,NA,
P1,2024-11-01 17:24:38.883,,2317.170999999999978172127157,Media file(s),player #1:C:/Users/eleon/Videos/Captures/frontend - Google Chrome 2024-10-28 10-02-39.mp4,0.0,2740.549,60.000,,Mouse_on_Linechart_Area,,STOP,2738.424,C:/Users/eleon/Videos/Captures/frontend - Google Chrome 2024-10-28 10-02-39.mp4,25418,NA,
